,label,text
1,dress,‏ #أسباب_التحرش اللباس الغير ساتر بالنسبة للنساء
2,men, @BoHotn: رغم هذا اللباس مازالت المراة تتعرض للاعتداء الجنسي ماهي حجتكم الان ؟! #التحرش pic.twitter.com/4DF7MTcH9C
3,men,#GénérationNews كاين التحرش الجنسي ماشي التحرش اللبسي . بمعنى راه اللباس معندو علاقة و انما العقلية الذكورية الي كتشوف الانثى جسد !!!
4,men,#GénérationNews مكيناش حتى علاقة بين التحرش الجنسي و بين اللباس راه المشكلة في التخلف العقلي عند بعض الذكور اللي مسمين راسهم رجال
5,men,-لبسها حريه شخصيه -التحرش مالها مبرر -سبب التحرش هو المتحرش نفسه -لوكان اللباس له علاقه ماشفناهم طردي ورا الاطفال https://twitter.com/_ibande/status/926847574753103872 …
6,dress,‏ #حقيقه_صدقيه أختي البنت الخليجية :- ​إذا أصبح اللباس الضيق حرية شخصية ..  فــ التحرش واجب وطـنـي على الشاب الخليجي 
7,dress, إذا أصبح اللباس الضيق حرية شخصية ... فإن التحرش يصبح واجب وطني  http://fb.me/12FUxzQlZ 
8,dress,#G4g_ruh1 اخطاء شائعه التحرش الجنسي مثلا التربيت على الكتف مدح اللباس والشكل العبارات التي قد تحتوي معاني جنسيه
9,men,#ابدأ_بنفسك_ضد_التحرش اللباس لا دخل له انتم تحاولون التخفي وراء اصابعكم
10,men,#ابدأ_بنفسك_ضد_التحرش اللباس لا دخل له انتم تحاولون التخفي وراء اصابعكم pic.twitter.com/g9E4d9zC4d
11,men,#ابدأ_بنفسك_ضد_التحرش اللباس ليس له دخل بالتحرش هو مرض فيا ريت لو شفت متحرش ادخل ماتقولش تستاهل هي اللي لبسة كده ؟؟؟؟ pic.twitter.com/2MSVXbLoMS
12,men,#ابدأ_بنفسك_ضد_التحرش يلقون اللوم على اللباس طيب والاطفال كمان اللباس
13,dress,#احموا_طفولتي من منّا يذكر اطفاله بنعمة الله على خلقه بإنزال اللباس ساتراً وحافظاً لهم من انكشاف عوراتهم،واللباس الساتر يقي من التحرش
14,dress,#اسباب_التحرش_بالفتاة ..قلت ادب وتربيت الشاب ... وتجرد الفتيات من اللباس الساتر المحتشم ..)ضعف الوازع الديني(
15,dress,#اسباب_التحرش_بالفتاة .اولا المتحرش هو حيوان بلاعقل لاكن مايجذب الحيوان للتحرش هو اللباس الفاتن والتصرفات والنظرات المخجله من بعض الفتيات
16,dress,#اسباب_التحرش_بالفتاة ١-ضعف الوازع الديني عند المتحرش ٢-عدم تطبيق الشرع على من يتحرش ٣-اللباس الغير شرعي عند بعض الفتيات ٤-تأخير الزواج
17,dress,#اسباب_التحرش_بالفتاة التبرج في اللباس وتبادل النضرات مع الرجال وتعمد الإغراء !
18,dress,#اسباب_التحرش_بالفتاة اللباس الغیر ساتر الذی تظهرفیه الزینه
19,dress,#اسباب_التحرش_بالفتاة اللباس بادرجه الاولي و عدم غض البصر ضعف الوازع الديني عند الشباب
20,dress,#اسباب_التحرش_بالفتاة ضعف الوازع الديني لدى الشاب ويرجع ايضاً الى تبرج ( بعض ) الفتيات في اللباس مما يجعل ( بعض ) الشباب التحرش بها .
21,dress,#اسباب_التحرش_بالفتاة عدم احتشامها في اللباس والمشي
22,men,#اسباب_التحرش_بالفتاة عدم وجود قانون يحميها ، وليس لنوع اللباس دخل في ذلك ، حتى المتلحفة بالسواد لا تسلم من التحرش pic.twitter.com/ZJpd8RDDw7
23,dress,#اسباب_التحرش_بالفتاة لمن يعارض أن التبرج أقوى أسباب التحرش، لو كان لديك عاملة منزلية ولديك مراهقون ، هل تترك لها الحرية في اختيار اللباس؟
24,dress,#اسباب_التحرش_بالفتاة لو نتكلم بكل شفافية وحياد نجد أن من أسباب التحرش : 1/ ضعف الوازع الديني ( لكل من الطرفين) 2/ اللباس المثير للفتنة..
25,dress,#اسباب_التحرش_بالفتاة لو نتكلم بكل شفافية وحياد نجد أن من أسباب التحرش : 1/ ضعف الوازع الديني ( لكل من الطرفين) 2/ اللباس المثير للفتنة..”
26,men,#اسباب_التحرش_وعلاجه المتحرش يتحرش والمسؤولية دائما تقع على المرأة بمبرر انها هي التي لا تحترم ضوابط معينة في اللباس، و تغري الرجال بفتنتها! وهذا ما يسمى: إدانة الضحية لنفسها عندما تصبح عاجزة عن رد حقها وضمان اعتبارها، فتلوم نفسها على جرم لم ترتكبه
27,men,#اسباب_التحرش_وعلاجه. اللباس ليس له علاقة لان اللباس اصبح ليس محترما لابنات ولا الشباب
28,dress,#اسباب_انتشار_حالات_التحرش 1.ضعف الوازع الديني والفراغ العاطفي والتربية السيئة 'للشباب' 2.نوعية اللباس والجرأة في الكلام والنظر الشباب'بنات
29,dress,#اسباب_انتشار_حالات_التحرش اللباس الغير محتشم مخالفة الذوق العام انعدام مفهوم الرجولة عند البعض وطغيان الحياة البهيمية
30,dress,#اسباب_انتشار_حالات_التحرش اللباس الغير محتشم وخروج البنات بدون اهلهم وعدم تربية الاهل من الشباب والبنات
31,dress,#اسباب_انتشار_حالات_التحرش اللباس المفتن
32,dress,#اسباب_انتشار_حالات_التحرش أحد أبرز الأسباب اللباس حتى من يقال عنهن صالحات إلا من رحم ربي لاتقل فتنة عن غيرها من الفاسقات
33,dress,#اسباب_انتشار_حالات_التحرش عدم الاحتشام ف اللباس والمشية تقود للتحرش ..
34,dress,#اسباب_انتشار_حالات_التحرش كما أن الرجل مطالب بغض بصره فالمرأة مطالبة بعدم سرقة ذلك البصر فحشمتها في اللباس و السلوك تقيد ردة فعله
35,dress,#اغتصاب_طفله_بالطايف هل هذه الجريمة جعلتك تقرر تعليم طفلك اللباس الشرعي وتثقيفه عن التحرش
36,dress,#التحرش 12) : وكذلك : 12) اللباس وهو سبب التحرش والتساهل فيه حيث تتفنن بعض البنات باللبس وقد ظهر جزء من مفاتنها وهذا بسبب تساهل بعض الأمهات!
37,dress,#التحرش المرأة إذا صانت نفسها باللباس الشرعى أنا أقول اللباس الشرعي انتبهن وليس المتبرج المخصر فلن يلتفت لها الذئاب البشرية هى مصونة
38,dress,#التحرش_الجنسي سببه الشيطان ولنعرف كيف انظر الى اللباس الغير المحتشم للكبار والصغار أمام المحارم والسواقين مع كثرة الافلام الاباحيه النتيجه؟
39,dress,#التحرش_الجنسي_في_المجتمع 99% وليس 100% من حالات التحرش سببها اللباس غير المحتشم للمراة و 1% مرض نفسي او مجتمعي او اخلاقي ..
40,men,#التحرش_بفتاة_الطائف ويأتي المتخلف برمي السبب على اللباس والأهل وهل الموال اللي ما يقضي إلا بـ #قانون_التحرش التخلف والجهل يُعارض ذلك ...
41,men,#التحرش_بفتاة_الطائف يجب تنظيف العقول قبل الحكم ان كان مقياس الناس هو اللباس و ليس،احقر من متحرش سوى من يبرر له ذلك pic.twitter.com/e3WCCW1wqq
42,dress,#التحرش_داخل_الحرم_برجل_شيعي هذا شوه سمعت المسلمين لم يحترم المكان ولا اللباس ولا قدسية بيت الله بغض النظر عن المذاهب شخص لابد ان يحاكم
43,dress,#التحرش_سببه_البنات_ولا_الشباب 1السبب اللباس الغير محتشم 2لبس العبايات الفاتنه والضيقه 3 ضعف الوازع الديني 4عدم الخوف من الله *****
44,dress,#التحرش_سببه_البنات_ولا_الشباب ١ : ضعف الإيمان ٢ : التربية ٣ : إتباع النظرة ٤ : الإختلاط ٥ : اللباس ٦ : رفقاء السوء ٧ : الشيطان وغيرها..
45,dress,#التحرش_سببه_البنات_ولا_الشباب البنات، بسبب اللباس
46,dress,#التحرش_سببه_البنات_ولا_الشباب السبب الأول ضعف الإيمان ومراقبة الخالق ثم اللباس الفاتن للبنات وبالنسبة للشباب عدم غض البصر فالسبب مشترك
47,dress,#التحرش_سببه_البنات_ولا_الشباب السبب هو اللباس مثلاً العبايه المخصره وبعض النقابات وكحل العيون لو ان البنت م تفعل كل م سبق محد معترض لها
48,dress,#التحرش_سببه_البنات_ولا_الشباب الفتنه في اللباس من ناحية البنات ومن ناحية الشباب تعرفون الاسباني مايفوت شيء
49,dress,#التحرش_سببه_البنات_ولا_الشباب اللباس السيء
50,men,#التحرش_سببه_البنات_ولا_الشباب انا اتوقع التحرش سببه الشباب اللباس حريه شخصيه وهناك نساء ملتزمات ومحجبات يتعرضن للتحرش التحرش خلل في الشباب
51,dress,#التحرش_سببه_البنات_ولا_الشباب سبب التحرش هو اللباس والهيئه فلبس البنت مخصر وضيق يخلي الشباب يتحرشون فيها ولو انها محتشمها محد قربها.
52,dress,#التحرش_سببه_البنات_ولا_الشباب سببه البنات فلو أن البنت إلتزمت بالزي أو اللباس المحتشم لما تجرأ هذا الإمعه على التحرش بها
53,dress,#التحرش_سببه_البنات_ولا_الشباب كلاهما سبب مادام هناك اغراءات ومن اللباس الفاتن من كلاالجنسين مما يدعي الى حاله الاعجاب وبالتالي الى التنكس
54,dress,#التحرش_سببه_البنات_ولا_الشباب وأيضا سبب تحرش البنات بالشباب اللباس والهيئه فلو إنه مقصر ثوبه مثلاً ومطلق لحيته مافيه أمل بنت تتحرش فيه.
55,dress,#المطلق_العبايه_غير_الزاميه لكن ع المرأه المسلمه التقيه  ان تدرك حدود اللباس الذي امر الله به. اما لباس اليوم الذي نراه اليوم من قصة شعر حاسره ومكياج فاقع واللباس الذي يظهر تكاسيم الجسم وبالوان ملفته خارج تماماً ع وصف القران للإحتشام والستر - ولا تاتي بعدها لتتشكى من التحرش
56,dress,#اناقتي_بالعيد_بحشمتي من أين حل علينا بلاء التحرش بالمحارم لذلك أسباب يأتي على رأسها التهاون في اللباس أمام المحارم والله المستعان
57,men,#انتكاسة_التحرش_بالمحارم اي متخلف يقول أن السبب هو اللباس اقوله لو أمك لبست لباس شفاف هل تتحرش بها ؟
58,dress,#اوقفوا_التحرش_بالاطفال للوالدين خافوا الله في لباس ابنائكم كم تحرشه سببه اللباس
59,dress,#أسباب_إنتشار_ظاهرة_التحرش اللباس العاري والفاضح ...
60,dress,#أسباب_إنتشار_ظاهرة_التحرش اللباس المحتشم والعفةة
61,dress,#بإيش_بعتيها ربي ابنتك على الدين والخوف من الله ومن يوم القيامة اﻵ تخافين على ابنتك من التحرش في صغرها فمن أسبابه اللباس العاري
62,men,#تحرش_بفتاة_في_الطائف البعض يظن أن التحرش سببه اللباس ، وفي هذا الڤيديو تأكيد بأن اللباس لا دخل له ، وإنما العقلية العربية المنحطه !
63,men,#تحرش_بفتاة_في_الطائف ياما قالوا المتخلفين انه الفتيات سبب التحرش بهن بسبب اللباس و ما شابههاهي فتاة طائف مكتسحة بالسواد و تحرش بها الذكور
64,dress,#تحرش_بفتاتين_بجدة الحل إقرار نظام التحرش وشرح بنوده للمجتمع توضيح اللباس المحتشم للجنسين في الأماكن العامة بشكل رسمي من غير تشدد او تهاون
65,men,#تحرش_بفتاتين_بجدة مرة اخرى يتأكد لنا ان اللباس لا علاقة له بالتحرش التحرش مرض
66,men,#تحرش_بفتاتين_بجده ارى التشنيع على اللباس اكثر من التشنيع على المتحرش وهذا من اهم اسباب استمرار وتكرار حالات التحرش. يرى المتحرش الحق معه
67,men,#تحرش_بفتاتين_بجده لا لتبرير التحرش فهذا فعل البهائم،وكذلك على كل فتاة أن لا تخضع بالقول أو الفعل أو اللباس حتى لا يطمع الذي في قلبه مرض ..
68,men,#تحرش_بفتاتين_بجده لو تمشي بافضح اللباس مايحق لاحد يتعرض لها الا المسؤول فقط الشارع حق عام مايحق لاحد التحرش بحجة الفتاه مالبست او اي عذر
69,dress,#تحرش_بفتاه_متبرجه_اعيدو_الهييه اولا من خرج اخر الليل بهذا اللباس يستاهل ثانيا التحرش لابد من وضع قانون له ثالثا الهيئة يجب ان تقنن.
70,dress,#تحرش_بفتاه_متبرجه_اعيدو_الهييه بدون قوانين ما بتفيد لا الهيئة ولا غيرها. قوانين تجرّم التحرش، بصيغة محكمة. وقوانين تحدد شروط اللباس اللائق.
71,dress,#تحرش_شباب_بفتيات_الشرقية سبب من أسباب التحرش عدم الحياء من الجنسين وخصوصاً المرأة وترك اللباس الإسلامي اللذي يزيدها احتراماً في مجتمعها
72,dress,#تحرش_شباب_بفتيات_الشرقية لا نغفل أن البنت يجب أن تكون محتشمة اللباس لكي تشعل شرارة التحرش .. سقوط جماعي للبنات والشباب في ظل غياب الرادع
73,dress,#تحرش_شباب_بفتيات_بالشرقية أصحابنا في الخارج لا يستطعون التحرش وهم في أمكنة لا يرتدى فيها اللباس المحتشم بكثرة ، فعجبا لمن يبرر لهم !
74,men,#حرية_اللباس_ليست_جريمة بالنسبة للي يطالبون بعقاب المودل خلود ويرفضون قانون التحرش pic.twitter.com/RcxvnUrFy0
75,dress,#حريه_اللباس_ليست_جريمه ابد تلبس ما تشاء لكن اذا طلعت برى وانفلتوا عليها الخرفان لاتزعجنا بقانون التحرش والصياح والنياح تتحمل اللي يصير
76,dress,#حريه_اللباس_ليست_جريمه اجل التحرش ليست جريمه
77,dress,#حريه_اللباس_ليست_جريمه اظهري لناس مفاتن جسمك ،،، و عندما يتم التحرش فيك من قبل اغبياء مثل حضرتك. اجعلي المجتمع المحافظ عدوك ؟
78,men,#حريه_اللباس_ليست_جريمه اغلب التحرش يحدث في الاماكن العامه مع هذي الاشكال المتخلفه يحسبون إن الحضاره بهذا المظهر
79,dress,#حريه_اللباس_ليست_جريمه الا فاحشه ونشر الفساد ف البلد واغلب الغربيين قالو كثر التحرش والاغتصاب عندنا بسبب ان المراءه لبسها غير محتشم
80,dress,#حريه_اللباس_ليست_جريمه التحرش واجب وطني وسمعوني صياحكم ياليبراليات
81,dress,#حريه_اللباس_ليست_جريمه الصين ابتكرت جوارب شعر للنساءضد التحرش وامريكا ابتكرت سروال صاعق ضد الاغتصاب تستري واحمدي ربك السعيد من اتعض بغيره. pic.twitter.com/eZGCvK1CrF
82,dress,#حريه_اللباس_ليست_جريمه اللباس صار اخطر من جرائم التعنيف واكبر من جرائم الاعتصاب و التحرش عند مجتمعنا .. من خلال اللي نشوفه في الهاشتاق
83,dress,#حريه_اللباس_ليست_جريمه اللبس الغير محتشم سبب في التحرش والاغتصاب حتى في المحارم وقد سمعنا قصص زنا محااااارم بسبب اللبس الخالع
84,dress,#حريه_اللباس_ليست_جريمه المكسيك تضع حافلات مخصصة للنساء فقط بسبب كثرة التحرش والإعتداء الجنسي الذي كان سببه الرئيسي حرية اللباس والإختلاط pic.twitter.com/oh7BmnbmQr
85,men,#حريه_اللباس_ليست_جريمه إذا على اللبس الله اللي بيحاسب لكن الجريمه هو التحرش اللي إلى الآن ما فيه اي عقوبه
86,dress,#حريه_اللباس_ليست_جريمه تخرج عارية ضاربة بالدين والعادات والاعراف والذوق العام والاداب العامة عرض الحائط وتشتكي من التحرش؟ كويس اذا ماحملتي
87,men,#حريه_اللباس_ليست_جريمه خلوكم من ذي ماحد تكلم ع التحرش الجماعي اللي صار بالراشد مول! وماطالبتو بمعاقبتهم
88,dress,#حريه_اللباس_ليست_جريمه سبحان الله م شفنا هشتاقات لما الدول الغربيه رفضت الحجاب وغير كذا م استفادو شي غير انو ارتفاع في نسبة التحرش الجنسي
89,dress,#حريه_اللباس_ليست_جريمه طول الايام اسابقه الجواري و نسويات يحاربون الهئيه ويطالبون بقانون ضد التحرش حتى تضمن اذا تعرو من الملابس محد يمنعه
90,dress,#حريه_اللباس_ليست_جريمه فإذاً حرية التحرش ليست جريمه أيضاً
91,men,#حريه_اللباس_ليست_جريمه لازم نعرف ان الستر مب بالغصب وبالجبر وقانون التحرش ضروري لحماية بناتنا من الشهوانين والسرابيت والخرفان نبي السلامه.
92,dress,#حريه_اللباس_ليست_جريمه لايجوز للمرأة اظهار مفاتنها امام الرجال وبعدين خطر عليها من التحرش الجنسي لاسمح الله
93,men,#حريه_اللباس_ليست_جريمه لست ضد أو مع هل منعت العباية التحرش والفساد؟ بصراحة إذا سافرت اشوف شبابنا أكثر ناس تحترم الأجنبية الغير محجبة.
94,dress,#حريه_اللباس_ليست_جريمه ماذا استفادت العاريات غير زيادة نسبة التحرش والاعتداء والاغتصاب وأولاد الزنا والجريمه في المجتمعات الغربية روح مووت
95,dress,#حريه_اللباس_ليست_جريمه وحرية التحرش فيكي ليست جريمه امسكو عنزكم تيسنا مايجيكم بعض النساء وهم قليل تعتقد اذا فسخت ثيابها هي مطوره وكول
96,dress,#حريه_اللباس_ليست_جريمه يبون محد يتحرش فيهم بس يبون يتفصخون يعني تعرفون ان من مقتضيات التعري التحرش بس الدين بهواكم تاخذون منه اللي يجوزلكم
97,dress,#حفيدات_الفاروق من أين حل علينا بلاء التحرش بالمحارم لذلك أسباب يأتي على رأسها التهاون في اللباس أمام المحارم والله المستعان
98,dress,#حقيقه_صدقيه أختي البنت الخليجية :- ​إذا أصبح اللباس الضيق حرية شخصية ..  فــ التحرش واجب وطـنـي على الشاب الخليجي 
99,dress,#حقيقه_صدقيه أختي البنت الخليجية :- ​إذا أصبح اللباس الضيق حرية شخصية ..  فــ التحرش واجب وطـنـي على الشاب الخليجي 
100,men,#حليمه_بولند_تتعرض_للتحرش شرعنة التحرش بدعوى ان اللباس غير محتشم مفهوم خاطى فانت مسلم مامور بغض النظر .واللبس الفاضح ليس رخصة لك
101,dress,#خراب_دره_العروس قانون التحرش تستطيع المرأة أن تجعله قيد التنفيذ ، ومفعل ، عندما تلبس اللباس الشرعي وتبتعد عن التعطر، عندالخروج من بيتها ، وعدم مخالطة الذكور لغير ضرورة ماسة ، فلن ترى وتسمع الا مايسرها.
102,men,#خمسيني_يتحرش_بطفلة تبقى حجتهم و الخطأ في نظرهم على لباس الضحية و كأن اللباس هو الجريمة و التحرش هو الجزاء العادل. #عقلانيون #حقوق_المرأة
103,men,#ذكور_التحليه_المتحرشين ليس هناك علاقه بين التحرش واللباس اللباس=حريه شخصيه التحرش=اعتداء على الاخرين
104,dress,#ذكور_التحليه_المتحرشين يُحد من التحرش: عودةالهيئة اللباس الساتر ومحاسبة مخالفته منع الاختلاط مرافقة الولي البعد عن الازدحام
105,dress,#ذكور_التحليه_المتحرشين ياجماعة : اللباس سبب من أسباب التحرش في كل دول العالم اذا كان اللباس مغري جاء التحرش وإذا كان محتشم لايكون تحرش .
106,dress,#زمن_القابض_على_الجمر ١من أين حل علينا بلاء التحرش بالمحارم لذلك أسباب يأتي على رأسها التهاون في اللباس أمام المحارم والله المستعان
107,men,#ساره_الودعاني_تلوم_ضحيه_التحرش حتى في الدول المتحررة واللي مافيها قوانين ل اللباس يعد التحرش جرم ويعاقب عليه المتحرش دون تبرير لفعلته
108,dress,#سعوديات_نطلب_اسقاط_الولايه393 اولاًاسقاط الولايه ثم اسقاط الحجاب ثم حريت اللباس تلبس قصيروعاري عادي تقولك فيه قنون التحرش وهم هذااللي يبونه pic.twitter.com/UJ0UxvOqSr
109,men,#سعوديات_نطلب_اسقاط_الولايه668 بعد قيادة المرأة للسيارة بقى : -سقوط الولايه -فتح المزيد من التخصصات التي كانت حكر للذكور -حريه في اللباس بدون فرض عادات بدائيه -تجريم اهانه المرأة في المنابر والمناهج -قانون صارم لمنع التحرش وبس
110,dress,#شاب_يتحرش_بطفله من مسببات التحرش اللباس الذي يلبسه الولد اوالبنت فيظهر مفاتنه وعدم مراقبه الأبناء كذلك عدم الدخول في نفسيه الطفل
111,dress,#عقاب_تقترحه_للمتحرشين أولا يكون فيه حد أدنى في اللباس والتزين بالأماكن العامة بحيث تمنع مسبب التحرش،ثم يجي العقاب بالجلد على رؤوس الأشهاد
112,dress,#عقاب_تقترحه_للمتحرشين. لولا المطارات ما وقعت الطائرات حافظو على أبنائكم وبناتكم. فبعض اللباس والتسريحات وكذا تركهم وحدهم يسبب التحرش
113,dress,#فتاه_تهاجم_متحرش_بجده والله ماكثر التحرش الا لسببين الاول عدم لبس اللباس المحتشم ثانياً خروج المرأة بدون محرم اصلح الله الشباب والفتيات.
114,men,#فراس_السواح لأمثال هالمُغتصب.الحجاب يعني المرأةجهازجنسي عضوي متحركعورة=رُفض لهذا. وكلامك ياحقيرتحرش جنسي لفظي(اغتصاب لفظي)مرفوض أيضا.حظرالحجاب لا يعني السماح لكم باغتصاب النساءلفظياوجسديا يا معاتيه.اللباس دون حشمةوحجاب لايعني حق التحرش اللفظي&اللمس&الاغتصاب لا تحلموا ستسجنوا pic.twitter.com/dVU1jlAge1
115,dress,#كلمه_للبس_البنات يا بنات ارتدن اللباس الساتر يقيكن من شر التحرش
116,dress,#كيف_نحمي_أبناءنا_من_التحرش من الآداب الداعمة لرباعية الحماية: ١- آداب الاستئذان ٢- آداب الحمام ٣- آداب اللباس ٤- آداب الحجاب
117,dress,#لا_تلمسني لحماية أبنائنا من التحرش لابد من الباسهم اللباس الساتر اللهم احمي أبنائنا
118,dress,#لايكاد_يسلم_لباس_امرأة_من_مخالفة من أين حل علينا بلاء التحرش بالمحارم لذلك أسباب يأتي على رأسها التهاون في اللباس أمام المحارم والله المستعان من ترونها في الأسواق والطرقات قد أبرزت مفاتنها هي خريجة مدرسة التساهل في اللباس في بيتها. #حسنه_تنفعك
119,dress,#ماعقوبه_التحرش_برايك السالفه ماهي سالفه عقوبه ماصارعندنا رجال يهتمون بااهلهم وخواتهم والستر مافيه اللباس هوينادي والله المحتشمه وصوتها ماهوعالي عندالرجال اتحدى احديتحرش فيها بالعكس يحترمونها اكثر
120,dress,#ماعقوبه_التحرش_برايك بعض البنات هداهن الله يلبسن اللباس الفاتن الضيق نصيحة للأمهات قبل الأباء انتبهوا لبناتكم في اللبس الله الله في الأحتشام وترك الزينه في المولات والمنتزهات.
121,men,#ماعقوبه_التحرش_برايك دائما ماتطرح جدلية الحرية الشخصية في اللباس الملائم للجنسين في الأماكن العامة رفقة الحديث عن التحرش والحقيقة أن المتحرش شخص مريض علاجه وردعه أهم من فرضية تحاشي أفعاله والاحتشام يقلل من حدوث التحرش لكنه لا يعالج المرض لان التحرش يطال حتى الأطفال
122,dress,#ماعقوبه_التحرش_برايك قبل العقوبه ، اللباس المحتشم يبعد عنك التحرش غالبآ
123,dress,#ماعقوبه_التحرش_برايك قبل ان تصدر احكامك وتطالب بعقوبة المتحرشين ، عليك ان تنبه عن جرم التحرش ، وان( تدعوه ) الى غض البصر (وتدعوها ) ترتدي اللباس المحتشم ، بعدها لن تحتاج من تريد معاقبته ...
124,men,#مش_حريه_انك تضايق الفتايات المراهقات بسبب اللباس او كشف الوجه ولا تحكم عليهن وتقذف بهم #انا_ضد_التحرش الحرية للجميع pic.twitter.com/RfXAPYunjy
125,dress,#مضاربه_فتاه_مع_شباب أولاً غلط إن البنت تخرج فالشارع بهذا اللباس لو كانت محتشمة لن يستطيع أحد التحرش بها أو يضع عينه في عينها ورغم ذلك حتى لو البنت تبرجت ووو ،ما يحلل للشاب الإقتراب منها يغض بصره ويمشي في طريقه ولا يلتفت لها ،هي أُمرت بالستر و أنت أُمرت بغض البصر فكلاهما أخطأ !
126,dress,#مطلوب_محاكمه_مودل_خلود هذه الفتاة لو تم التحرش بها وهي بهذا اللباس في بلد يمنع التعري من سيكون المخطئ ؟ يجب محاسبتها لان الخطأ يجر خطأ
127,men,#ملتقى_ظاهره_التحرش رُبما نختلف على اللباس اللائق في الأماكن العامة، لكن لا يمكن الاختلاف إنّ التحرش سلوك قذر، ولا يمكن تبريره إطلاقاً.
128,dress,#ملتقي_ظاهره_التحرش سبب التحرش هو اللباس غير المحتشم لبعض النساء، لانها تغري الشباب بلبسها وعطرها وتغنجها، اما لو كانت بكامل حجابها بدون ان تظهر مفاتنها، لن ينظر لها احد
129,dress,#ملتقي_ظاهره_التحرش من لم تربى على العفة في بيت اهلها والإحتشام وتخرج من بيتها عارية اللباس اي ضيقة بارزة صدرها ومؤخرتها ووجها ملئ بالزينه ، ف غداً بتظلي لهم مثل الحمام المتنقل يضعون فيه القاذورات ، ولايبون منك غير هذا . إلا من رحم ربي
130,dress,#من_باعك_الفكرة أن اللباس المحتشم للفتاة يمنع الحيوانات من التحرش بها
131,dress,#نظام_مكافحة_التحرش_ضرورة *دعم الهيئة *وضع عقوبات صارمة *اللباس المحتشم حتى لا تعرض نفسها للتحرش..وهذا لايعني ان الغير محتشمة يتحرش بها
132,men,#نقاش24 ليش الدول العربيه اللي اللباس الشرعي المحتشم هو الزِّي الطاغي ينتشر بها التحرش؟مش التربيه هي المشكله،قوانين الدول العربيه هي السبب
133,men,#هل_ترضي_ان_يتحرش_باهلك عمر اللباس ما كان سبب في التحرش وانما السبب الحقيقي في العقول
134,dress,#هل_تقبل_ان_يتحرش_باهلك انا برأي اللباس الذي نراه حاليا للبنات هو سبب التحرش. https://twitter.com/hadjaar1990/status/714147867078836225 …
135,dress,(1) فلم #في_الظل فكرته أصيلة (حماية الفتيات من التحرش)؛لكنه وقع في بعض أبرز أسبابه!وهو اللباس والزينة والاختلاط.. @reemaalsmaeil @aboolojain
136,dress,@_a7lah_ تسبة التحرش جائت بعد ما فقدت المرأة إسم اللباس الشرعي وإكتفت به كعاده جاء مايسمى بالتحرش وكلمة تحرش تأتي بعدة أشيء منها اللفظي ١-٤
137,dress,@_aFHD @Nedal_147 الإعجاب الفطري لما يكون اللباس محتشم لا ارى فيه خطأ لما ندخل في لبس مثير للشهوات والغرائز الجنسية دخلنا في التحرش
138,dress,@_majed_q @htksa عندما يسن #قانون_اللباس_المحتشم يصبح #قانون_التحرش_ضرورة وفاعلا
139,dress,@_majed_q @htksa قبل #قانون_التحرش_ضرورة يجب المطالبة بسن #قانون_اللباس_المحتشم فهو السبب الرئيسي للتحرش
140,men,@12_15me86 لم يكن اللباس سببا فنحن نعاني من التحرش بالشباب قبل البنات وبالطفلات قبل الكبيرات فعن اي شماعة يبحثون..!
141,dress,@1aldawood @htksa المال السايب يعلم السرقة والمرأة المتبرجة تدفع للتحرش بها #قانون_اللباس_المحتشم قبل #قانون_التحرش_ضرورة
142,dress,@444hanadi نتكلم بعاميه عن اسباب التحرش بالفتيات ،، اهمها اللباس والرقص والحركات التي تلفت الانتباه ،، يعني الخطأ مشترك بين الطرفين
143,men,@A_Alkanhal @eidbnthani من يبرر التحرش بحجة اللباس ينزع الحانب الإنساني من الرجال و يبقي الجانب الغريزي الحيواني فقط
144,men,@A_Bahaydar تغريدات لاتحمل علماً ولكنها تحمل شرعنة التحرش إذا لم تلزم اللباس الذي نريد.
145,men,@a100001 @Mikhlif التحرش جريمة لا يبررها عدم (حشمة اللباس) ولا يبرر هذا الفعل تحت أية حجة سوى شخص مريض
146,dress,@A5iis سؤال سبب التحرش . ومن الخيارات اللباس غير المحتشم وزعلت لما اختاره فريق منهم بشكل مستفز
147,men,@aaeed1010 التحرش موجود مهما كان اللباس عن تجربة
148,dress,@Abd_NF يعني ، كيف تجمع يا أخي ؛ بين التحرش بهن و قولهم صغيرات ، لا يجتمعان ، ولكن الحل يعاملن معاملة الكبيرات في مسألة اللباس و الرقص .
149,men,@ABDULLAH_FAHD_K @alsamahi1 @srobayan @daghistani جميل إذن اللباس لا دخل له في التحرش الجنسي الا بنسبة ضئيلة جداً هناك مجتمعات بدائية جدا
150,dress,@Abdullhaljedani معاك في المعاقبة ع التحرش لكن العقوبة على اللباس المحتشم هذا شأن اسري اكثر من ان الدوله تهتم له وغيابه هو سبب مثل هالامور
151,dress,@AboShla5Libraly اللباس قد يكون اسلوب من اساليب التحرش يؤثر على العين ومن قم يتلف العقل
152,dress,@ahm_mn قلت اللباس غير المحتشم من اسباب التحرش
153,men,@Ahmed_AboAish @KarShaf التحرش أصبح ظاهرة بمصر في زمن #الأخوان_الشياطين على جميع الفئات وذلك للإنفلات الأمني لا بسبب اللباس يبقى حرية شخصية
154,men,@Ahmed_Qatawneh @Raghadkf @AArabiyat511 ليش ببلاد الغرب التحرش اقل مع انه اللباس مش محتشم كثير؟؟؟؟؟ المفروض تفعيل القانون. وأي متحرش ينفضح
155,dress,@ajmubasher يتوقف التحرش على عفت المراة واحتشامها من خلال اللباس الاسلامي المادي والمعنوي
156,men,@al3bdi هههه واحد شكك في اللباس الشرعي ولا انكره هذي تجربه فقط تثبت ان التحرش مرض واعذارهم ان اللباس هو السبب هي اعذار واهيه المريض مريض
157,dress,@al3rby1990 @reemaalsmaeil بعدين هذا اللباس والزينة من اسباب التحرش..
158,dress,@Albilad123 اتكلم عن التحرش دكتور حاتم اللباس تغير . ومن امن العقاب اساء الادب . كان اول كل شهر يمكن ينزل العاىله لسوق وممكن لا وماتتركهم
159,dress,@ALGHIAMAH 2 اضف لذلك ان اللباس المغري هنا في نظرنا حتى ولم يكن هناك تحرش فإنه يلوث قلوب الشباب بل والشياب التشديدعلى الاحتشام قبل ق التحرش
160,men,@alsha3rawy وما فائدة اللباس ان لم يكن هناك نظام صارم يحمي النساء من التحرش كما في بلاد الغرب تمشي المراة عارية وهي في امان من النحرش
161,men,@aml_mostafaaa @layal6262 تماما أنا أشير الى انه رغم كل هذا اللباس المثير لم يحصل تحرش ولكن في مصر يحصل التحرش رغم كل الاحتشام انه الإنفصام
162,dress,@anmar_A_k أنمار صديقتي هي ألقت اللوم الكامل على المرأه وهذا خطأ ولكن أيضاً أتفق معها بأن بعض اللباس والمشية لها دور في التحرش
163,men,@Anwar__DZ أفغانستان والسعودية فيها أعلى نسب التحرش . مع أن اللباس الشرعي اﻹسﻻمي مفروض في كلتا الدولتين.
164,dress,@Asmaa3alahwa @misrelila لماذا لايعمم اللباس المحتشم بين الفتيات وبذلك نقضي على آفة التحرش وما يليها من جرائم pic.twitter.com/HUNFPGhhnU
165,dress,@aspiirant نعم اللباس العاري والمثير للغريزة يقف خلف النسبة الأكبر من عمليات التحرش والاعتداء.
166,men,@athraa_hailربما أنا مخطئة لكن التحرش موجود بكل مكان سواءدولةدينيةأو مدنية لايمكن القضاء عليه،لكن ممكن الحد منه بالتوعيةوليس اللباس هذا رأيي
167,men,@BAla3358 @RajaaDabbas @suhairmansour بصراحة. لا اتصور ان المسألة خلافية. اللباس غير مسؤل عن الظاهرة. هناك طفلات يتم التحرش بهن.
168,men,@BBCArabic @viabbc اللوم على الدوله لانها لم تشرع قانون صارم لمحاسبة هذه الفئه من البشر اما اللباس فهي حجه واهيه لتكون سبب التحرش بهن
169,dress,@bekasbhna التحرش لايتم إلا بالبعد عن الدين والتخلي عن اللباس الساتر.. وكم في المحاكم من قضايا التحرش وأشد منه وكله بسبب اللباس.
170,dress,@D_Abusrwal ايضاً الفتاة لابد ان تلبس اللباس المحتشم  ولا تتحرش بالشباب  التحرش ليس حصرياً على الشباب 
171,men,@djksadj انتي اللي قلتي عنها لبس مغري كتبرير لِ التحرش ! . وما اللباس الشرعي ؟ مايكفي السواد اللي ملبسينا ! مستخسرين كم خيط ملون!!
172,dress,@drjasem ا نا اوافق الدكتور اللباس له الدور الكبير في التحرش فالمرأه المتستره المحتشمه بكامل حجابها لايضايقها احد الا المريض
173,men,@Eltajoury لا مش حتلقا عطيتك مثال تجريبي موجود شوفي اقل دول في التحرش وتلقيهن اقل دول فرضا في اللباس والكلام هذا
174,men,@F10_KH شكل اللباس ابداً لا يبرر التحرش .. فالخطأ لا يقابل بخطأ اكبر منه
175,men,@FahadHamdan23 . التحرش من قبل الرجال أكثر ولذلك هو المطالب أكثر بالأدب والاحترام. وليس كل من قصرت في اللباس راغبة في المعاكسة !
176,men,@Faris_Hil @NasserAziz2 @ALTOMAN49 سبب التحرش هو ضعف قلب المتحرش وعدم خوفه من الله وليس اللباس
177,dress,@FAWATIM @sara_alaskar_ @BlwiM في كندا قضية مشهورة لمأمور شرطة صرح بأن سبب التحرش هو اللباس، ولكن الكثير عارضوه رغم تأييد البعض له.
178,dress,@Fideel_Castro و نحن نريد هذا اللباس في جامعاتنا! الله يغبر لبوكم الشقف، التحرش نتوما ماليه. pic.twitter.com/DgwFFAEONE
179,men,@GASY2096 لا ياخي .. بالدول الأخرى هناك ابشع من هذا اللباس ولاتجد مثل هذا التحرش لأنه يوجد قانون ببساطة
180,dress,@Gg_112233 من تتخذ هذا اللباس بالاماكن العامه مايكفي التحرش فيها فقط بل خطفها هو مصيرها!!!
181,dress,@GhadahG أذكر أحد التقارير عن التحرش في مصر أشار -وفق إحصائيات مسويها- إلى أن الاحتشام في اللباس قد يثير غريزة بعض المتحرشين
182,dress,@h_alabdulatef @aldawoood1 من أهم أسباب التحرش اللباس فالواجب على الأمهات تعويد الفتاة من سن التاسعة عدم ارتداء الملابس التي تظهر المفاتن
183,dress,@hanadi89 قد تكون هذه الاعمال لا تشكل جريمة كون طبيعتها هكذا .. لكن التشبه يكون بـ اللباس على سبيل المثال او حتى التحرش بالفتيات
184,dress,@hayaatq @wa7eed6 @2_kulod اللباس المحترم جميل أن يكون لباس الجميع في الأسرةذكوراً وإناثاً لأنه من الذوق،لكن نغطي طفلة لنحميها من التحرش؟!
185,dress,@HBATAMIMI @femalnoisy1 @karimahalamri @EngMohd111 نسخه إلى من يقول التبرج وتساهل النساء في اللباس ليس سببافي التحرش pic.twitter.com/UcJTLZgxY9
186,dress,@HendPirlo @abohamoud_ هل التحرش بذات اللباس الواسع والحجاب هو بنفس نسبة التحرش بذات اللباس العاري ؟
187,dress,@HendPirlo @abohamoud_ ولكن لغة الارقام تقول ان في الدول التي ينخفض فيه مستوى التستر في اللباس ترتفع معدلات التحرش
188,dress,@hfc_life @Eyaaaad اللباس المحتشم يجنبك التحرش .. المسأله بسيطه
189,dress,@Honeybal نسأل الله السلامة للاسف تلقى بعض الاخوات سامحهن الله يلبسن لبس خليع ثم يطالبون بعدم التحرش مالذي يؤجج مشاعر الشباب غير هذا اللباس
190,dress,@hosamamodi اخي العزيز لا يجوز التحرش بالمرأة المسلمة وغير المسلمة ولكن اللباس المحتشم يجعل المرأة بعيدة عن قليلوا الدين والتربية
191,dress,@HU_63 @Hamaydan التحرش و الاغتصاب و التضييق في اللباس و غيره حتى لو لم يكن مسلمات.
192,dress,@Humanist_Jaleel @bataleh #من_السبب_في_التحرش_الرجل_أم_المرأة غالبا الرجل للاسف و لكن بعض النساء تعطي دافع للرجل من مثلا: اللباس او الايحاء
193,dress,@Humanist_Jaleel هي توضح للبنات ان اللباس الساتر او الحجاب يحد من مفاتن المراه ويحد من التحرش ومن النضر اليها بعين المتعه.. وين الخطأ !؟
194,dress,@Ibrahim_aldwish اللباس الضيق والعاري للبنات الصغيرات مما قد يجلب لها التحرش #جدد
195,dress,@iFawaz80 @MohamadAlarefe ثم اللباس الشرعي والميوعة في الحديث تحميها من التحرش هذا لا تجده ف اوروبا انما العكس تماماً وعلى الملأ
196,men,@ios091 @AymanKrayem اسهل هو النظر في مشكل التحرش و من المسؤول عليه--> المتحرش!!!!!! و ليس اللباس و قيادة السيارة.
197,dress,@jamildallal @mhabutaleb @obaybarakat @LinaArab @Revivetweet في إستفتاء في كولومبيا 65% قالوا أن سبب التحرش هو اللباس.
198,dress,@jihadharbmansou خلع الحجاب خطوة أولى نحو خلع اللباس فيتم التطمش ويكف التحرش !! #مليونية_خلع_الحجاب
199,men,@K7al_L3afta @LadyHanou وا باقين كيعتاقدو بلي اللباس ديال البنت هو سباب التحرش
200,men,@kaa55ld المتوحش لا يمنعه اللباس، بل يمنعه قانون يطبق على الجميع وما أكثر حالات التحرش في مصر وأفغانساتان.
201,dress,@koko_bandan @rico4_ اي صااادقه من اسباب التحرش اللباس والعري ..يعني برايك لابسه طويل واكمام بيقدر احد يناظر لها .. لاتبررون لانفسكم
202,dress,@LailaBelayachi كيفما قلت من قبل لي كايتحرش بمنقبة خاصو يشد رونديفو مع طبيب نفساني لأنه مريض لكن كلما كان اللباس محترم كلما كايقل التحرش
203,dress,@law_ksa0 حثنا ديننا على غض البصر لكي لانقع بالفتن مثل حالات #التحرش وغيرها اللباس المحتشم يقي فتنة النظر وغض البصر يقي فتنة التحرش..
204,dress,@Linaturky اللباس 90%هو سبب التحرش لأن إذا اللباس مثير أو يبين المفاتن كأنه يقول للشاب مرحبا بك.
205,men,@M_0g اللباس ماله دخل بالتحرش هي العقلية والتربية اللي تؤثر في موضوع التحرش المفترض لو شفت وحدة لابسة بيكيني ما تقرب منها ولا تؤذيها
206,men,@mahawy141114 @rema_dream @AymanKrayem قضيتنا (التحرش) والذي يعتبر جريمة اما اللباس الخادش للحياء قد يكون مقبولا في مدينة ومرفوضا في أخرى
207,dress,@maisa_mtg لأن لو رجعنا لكل فتاة تم التحرش فيها لوجدنا منها عدم الحياء والاحترام في اللباس أو في الكلام أو في المشي بالاسواق والاماگن العامة
208,men,@malaksalman77 التحرش مرض نفسي والمتحرش بكل أﻷحوال سيتحرش بالبنت وسيبرر لنفسه عدم لبسها اللباس المحتشم
209,dress,@mbc1 جميل رأي العرب حول اللباس المحتشم وعلاقته بارتفاع نسبة التحرش .. ترى لماذا راي مايا دياب مخالف ..!!! هل لباسها دوما غير محتشم ؟!!
210,men,@mm2014028f الرخيصة التي تبرر التحرش بحجة اللباس الغير المحتشم مرة بعد مرة المتحرش يستطيع أخذ حريته من وراء الحجج التي تستعمل ضد المرأة
211,dress,@Mnor @AbdMohsnAlmogrn غير صحيح،يتم التحرش بالمتبرجةذات البنطال والتنورة القصيرة وذات العباية الغير ساترة.ولايتم التحرش بصاحبة اللباس الشرعي
212,men,@mobeid التحرش لا تبرير له والمتحرشين وجدوا عقول مهترئة تطبّل لهم . و أصبح اللباس حجة يعلِكُها المتخلفين والسيئين ليبرروا لأخطائهم
213,men,@mobeid هي الفكرة أن كل بلد عنده أنظمة محترمة ، له شيء اسمه قانون اللباس في كل مناسبة أو مكان ويجب احترامه . وأرجع أقول التحرش جريمة كبيرة
214,men,@Mouhssine_Gatra لكن لا أظن أن اللباس يعطي الحق لأي شخص في التحرش (ألم يدعو الإسلام إلى غض البصر !: )
215,men,@muqbilalsh في النهاية نوعية اللباس تعد حريه شخصية وان خالفت الشرع فذلك ذنب يتحمله صاحبه لايبيح التحرش ولا يجعله عمل مقبول ابدا.
216,men,@n4aif11 ربما مريض أو صاحب مخدرات لاادري،الإحتشام في اللباس شيء جيد ولكن شواهد الواقع تحكي أن الحجاب لايحمي من التحرش pic.twitter.com/tyvg9KJsiI
217,men,@nas13e @tounsiahourra @mohamedsty13 المرض في المكبوت اللي تحرش. و اللباس لا يبرر التحرش.
218,dress,@Nedal_147 مقارنة فاسدة مرة ثانية، الإحصائيات والدراسات تقول لك بأن اللباس والتعرّي يزيد من احتمالية التحرّش بالمرأة لأنها تثير الرجل=
219,dress,@oct26driving @Saudi_woman1 ههههههه طيب التحرش يأتي ليس من سبب القيادة فيه أسباب أخرى اللباس وكثرة الخروج من البيت بلاداعي وأسباب أخرى
220,dress,@oix29 إذا أصبح اللباس الفاضح حرية شخصية... فإذن التحرش أيضا حرية!
221,dress,@poloxab انا ماتكلمت عن التحرش.. مع انه موجود اقصد اللباس هل هذا من سنة النبي .. او اللي نصة عليه الادله
222,men,@RaghidaMaalouly التحرش الجنسي ليس مشكلته في اللباس لكن بأخلاق الشباب ونخوتهم وغيرتهم على نساء وطنهم
223,dress,@ranasamaha9t اللباس الفاضح وقلة الحشمه مع ضعف الوازع الديني هي السبب في التحرش؟ لأن الذئب حينما يراء اللحم يتدلى سينقض عليه لامحاله!
224,men,@rania_elkhatib هذا اللباس سكسي عند بعض الرجال بدليل أن المنقبة لا تسلم من التحرش وشعر: قل للمليحة في الخمار الأسود ماذا فعلتي بناسك متعبد
225,dress,@roaamousalawyer @hadilaziz @Snuobar @bataleh أنا أختلف معك جدا اللباس له دور كبير في التحرش الذي يحدث في أي مكاان
226,dress,@RTarabic عليكم محاربة اسباب التحرش ومنها اللباس الذي انتشر بكل قوه الذي يظهر ويزيد محاسن المراه والاختلاط الزائد على حده
227,dress,@russi14a والله اغلب ما صارمن التحرش انه بسبب اللباس الضيق ولبس البناطيل الي يصف شكل الجسم والحجاب الفاتن ونسأل الله لنا وللجميع الهدايه )
228,men,@sad1111935 @alfaisal_ragad ماهو معيار اللباس غير المحتشم من وجهة نظر شعب يرى من تلبس الكعب او من تضع المناكير مغرية ويحب التحرش بها ؟!
229,dress,@SamehHusseinA @memam8 @liliandaoud @sasosallومن الظن!أن كان أصبح اللباس الضيق للفتاه حريه شخصيه؟فيمكن ان يكون التحرش بهاواجب وطنىيامسلمين
230,dress,@Sara3i3sara @3a9efah @yosef1432 @salehsagabi @abasaudgh والله اللباس هو سبب التحرش لكل فعل رده فعل
231,men,@shek_Hussain @alsalem_sabq اخ عبد اللطيف انا معك لكن سؤال يعني اذا شبابنا في أمريكا او دوله أجنبيه حسب اللباس لابد من التحرش أين التربيه
232,dress,@SosoAlSalem92: * اذا اصبح اللباس الضيق حريهه شخصيهه ! ف التحرش * واجب وطني ' !! * اللي كاتبها مغسول ويهه ب..... *
233,dress,@T_AbuSalman التحرش وفقك الله ليس سببه اﻹختﻻط وهذا ﻻيعني أنني أدعو له ولكن اللباس المحتشم يقطع التحرش وغير التحرش
234,men,@Turki_lqahtani لو مشت نفس المرأة بنفس اللباس في شوارع بعض المدن العربية لتم إغتصابها جماعيا ثم حتى صاحبات العبايات لم يسلمن من التحرش
235,men,@waheedelfar @iPhoney_ad @w___86 فلماذا بنات البلد فقط؟ هل هذه الشهامة؟ هذا ردي ع كل من يقول أن اللباس سبب في التحرش عذر اقبح من ذنب
236,men,@wake_up_ksa @john_mayer86 لو أهتموا بالجوهر بدل اللباس ما كان ارتفعت نسبة التحرش .
237,men,@wiliiamking واذا كان اللباس مخالف .. هل يعطي الحق للشباب التحرش بها؟
238,dress,@yfs999 اللباس والحشمة لهما دور في تفادي التحرش فكثييييير من أسباب التحرش كان سببها اللباس الفاتن
239,dress,@Yzd8 عزيزي مسألة التحرش لها عدة أسباب ولا يخفى على عاقل أن اللباس الغير محتشم والملفت للنظر معين على ذلك إذ إنه مثير لغريزة الرجل
240,men,“ @houdaifa1990: اذا كان اللباس أو الهيئة أو الشكل يبرر عذرك في التحرش فما فائدة تكريم الله لك بالعقل ! - ولقد كرّمنا بنِي آدم -”
241,dress,“ @RHHRS: اللباس الغير محتشم من أسباب التحرش ! https://twitter.com/RHHRS/status/542943727228973056/photo/1pic.twitter.com/Bm5wJ59NaK ”
242,dress,◘إذا كان اللباس الضيق حرية ...................... فإن التحرش الجنسي واجب علية
243,dress,10/26 في كل مرة ستلاحظين أن التحرشات موجودة في الحالتين ولكن التحرش في تجربة الملابس الضيقة أكثر وذلك لأن اللباس يتكلم وينادي ويقول للشباب
244,dress,14/27 الله؟ 13- من أين حل علينا بلاء التحرش بالمحارم لذلك أسباب يأتي على رأسها التهاون في اللباس أمام المحارم والله
245,dress,١- اجد انه من الضروري وضع قانون للتحرش ، يضبط فيه كل شيء حتى الملبس فلا يعقل ان يكون اللباس فاضحا من احدهم او احداهن ونقول لم تم التحرش بك ؟
246,dress,١٥: من أين حل علينا بلاء التحرش بالمحارم لذلك أسباب يأتي على رأسها التهاون في اللباس أمام المحارم والله المستعان0Mon Mar 02 22:12:37 GMT 2015 @roaamousalawyer @hadilaziz @Snuobar @bataleh أنا أختلف معك جدا اللباس له دور كبير في التحرش الذي يحدث في أي مكاان
247,dress,25حالة تحرش سجلتها وزارة الصحة بالممرضات السعوديات؟ التحرش كان بسبب الاختلاط ولا بسبب اللباس وعدم الاحتشام؟ http://www.news-sa.com/snews/4709------25----------qq.html …
248,dress,99% بحدث التحرش بسبب اللباس
249,men,http://www.sayidaty.net/node/325101/%D8%A3%D8%B3%D8%B1%D8%A9-%D9%88%D9%85%D8%AC%D8%AA%D9%85%D8%B9/%D8%AA%D8%AD%D9%82%D9%8A%D9%82%D8%A7%D8%AA-%D8%A7%D9%84%D8%B3%D8%A7%D8%B9%D8%A9/%D8%A3%D8%B1%D9%82%D8%A7%D9%85-%D9%88%D8%A5%D8%AD%D8%B5%D8%A7%D8%A1%D8%A7%D8%AA-%D8%B9%D9%86-%D8%B8%D8%A7%D9%87%D8%B1%D8%A9-%D8%A7%D9%84%D8%AA%D8%AD%D8%B1%D8%B4-%D9%81%D9%8A-%D8%A7%D9%84%D8%B3%D8%B9%D9%88%D8%AF%D9%8A%D8%A9 … انظر في اخر المقال دراسة اثبتت بأن السعودية تفوق عن امريكا في ضحايا التحرش وين الخلل في اللباس ام في عقول الذكور ؟
250,dress,http://youtu.be/8N3e7D76of0  تجربة اجتماعية تؤكد لك أن اللباس هو السبب الرئيسي في التحرش
251,dress,https://sites.google.com/site/rapeofchildrensinnocence/home/ahsayyat-hwl-althrsh-aljnsy-bbd-aldwl … إحصائيات التحرش الجنسي باﻷطفال والتي غالب أسبابها عدم لبس اللباس المحتشم
252,men,https://twitter.com/ammarshihab2/status/895780320355733505 … ولما يسافرون ليه مايتحرشون في بنات اوربا وامريكا وهن شبه عاريات؟؟! #الصحوه #التحرش #حرية_اللباس_ليست_جريمة #الذكورية
253,dress,ٳذا اصبح اللباس الضيق حرية شخصية ! لا تستبعد ان يكون التحرش وآجب وطني
254,dress,االتحرش مرفوض بكل الأديان ونا رديت على صلب الموضوع وهو اللباس مو التحرش
255,dress,اتعلمون من أين حل علينا بلاء التحرش بالمحارم انه التهاون في اللباس أمام المحارم والله المستعان
256,men,ادعاء ان سبب التحرش وخاصا بالمحارم هو اللباس ادعاء فارغ هل على الطفل الذكر حجاب
257,dress,ادى سفالة باسم يوسف- واسعة واوضة ضلمة - يللا ياعشاق الطراوة اقلعوا اللباس - مين هنا هيقلع ؟؟ بالذمة دى اخلاق حد محترم ؟امال التحرش ييجى منين
258,dress,اذا اردنا قانون يمنع #التحرش يجب اعتبار اللباس غير المحتشم من انواع التحرش
259,dress,اذا اصبح اللباس الضيق #حرية_شخصية فان التحرش يصبح #واجب_وطني
260,dress,اذا اصبح اللباس الضيق حرية شخصية ف(التحرش) واجب وطني!! @shabab.com
261,dress,اذا اصبح اللباس الضيق حرية شخصية. في التحرش واجب وطني!! رأي شخصي
262,dress,اذا أصبح اللباس الضيق حرية شخصية يبقا التحرش واجب وطنى !!! pic.twitter.com/Xv073JuWej
263,dress,ﺍﺫﺍ ﺃﺻﺒﺢ ﺍﻟﻠﺒﺎﺱ ﺍﻟﻀﻴﻖ ﺣﺮﻳﺔه ' ﺷﺨﺼﻴﺔ ﻋﻨﺪ ﺍﻟﺒﻨﺖ ، ف ﺍﻟﺘﺤﺮﺵ ﻋﻨﺪ شبآاب ﻭﺍﺟﺐ ﻭﻃﻨﻲ ، !! - يشعر بـ التفاؤل
264,dress,اذا حضر اللباس الضيق فأصبح التحرش واجب وطني ؛) ضبطي حالج عشان ما تتحلطمين بعدين
265,dress,اذا في قانون التحرش انا اعتقد انه يفترض فرض قانون اللباس المحتشم و قانون الآداب العامة
266,men,اذا كان التحرش بسبب اللباس لمذا يتحرش بالمحجبة و المنقبة؟ اذا كان التحرش بسبب الفقر و عدم القدرة على الزواج لمذا... http://fb.me/6wUhcAp4f 
267,dress,اذا كان اللباس الضيق للبنات حريه شخصيه اذن التحرش واجب وطني
268,dress,اذا كان اللباس الضيق وما خف وشف حرية شخصية فأنا اعتقد ان التحرش بمن يلبس هذا اللباس هو واجب وطني #ريتويتpic.twitter.com/6bQb355say
269,men,اسباب_التحرش_بالفتاة عدم وجود قانون يردع المتحرشين.. من يقول ان اللباس وراء التحرش يكذب لأنه نفسه لا يستطيع ان يتحرش بنصف عارية على شاطئ
270,men,استغرب لمن يربط التحرش باللبس اليس اللباس حرية شخصية .
271,dress,اصبح لغه الاغراء في اللباس والشكل هي اللغه الام طالما القانون هناك يحمينا من التحرش
272,dress,اصبح لغه الاغراء في اللباس والشكل هي اللغه الام طالما القانون هناك يحمينا من التحرش
273,dress,اعضاء المرأة فتنة وتغوي الرجل مهما كانت صفاته وحياء اللباس هو الذي يحصنها من التحرش
274,men,اعلى نسبة تحرش بالنسبة لمن ! شخصيا ضد التحرش ومع أن يكون هناك أقسى عقوبة للقضاء على هذه الظاهرة وأتفق معك بأن اللباس ليس السبب لكن لو اخذت من وقتك دقائق واطلعت على نسبة التحرش والاغتصاب في العالم قبل نشر التغريدة للتأكد .. ستجد أرقام صادمة بدول قمة في التقدم والتحرر
275,dress,الاختلاط في الشوارع والأماكن العامة مع الحجاب والحشمة ليس حراما ، أما الاختلاط مع حرية اللباس والمساواة الكاملة بين الرجال والنساء في أماكن العمل والدراسة وغيرها هو سبب زيادة التحرش في الغرب حتى وصل الى نسبة 100%
276,men,الاغتصاب سببه هو الكبت الجنسي والخلل النفسي وضعف الوازع الديني لا اللباس ولا غيره وعلى مرئى عيني نساء بالجلباب تم التحرش بهن
277,men,الاغتصاب لم يكن يوما طلب الضحيه...فليتوقف من يبرر التحرش بحجة اللباس والشكل pic.twitter.com/rWOr1rpxCA
278,men,الأخلاق هي الواجهة ، التحرش لا تبرير له إلا أنه أصبح اللباس حجة يعلِكُها المتخلفين والسيئين ليبرروا لأخطائهم https://twitter.com/412_12/status/622720867907190784 …
279,dress,الأنباء | دعاة ومتخصصون: اللباس الشرعي وقاية للمرأة من التحرش http://j.mp/129sYPg  #q8 #kw #kuwait #كويت #اخبار #news
280,dress,الباس الساتر أصبح غريبا في مجتمع المسلمات حتى اﻷطفال لم يسلموا من ذلك اللباس فكيف لا يكون التحرش !!
281,men,التحرش .. بل على العكس، في فتره مابعد السبيعنات انتشر الحجاب ورافقه مرحلة التدين الظاهري فأصبحنا نرى اللباس الأسود المنسدل مع النقاب  و إرخاء اللحى و تقصير الثوب وغيره من المظاهر و القشور التي لا تدل على اصل الدين ولا على ثباته .. سأبدأ الآن سرد المقال بإيجاز .
282,dress,التحرش اذا ماجاء من سواق بيجي من غيره سواء في الاسواق او وغيره .. اللباس الشرعي هو الحل الوحيد لتجنب التحرش
283,men,التحرش الجنسي في مصر وحدها لا علاقة له باللباس ابدا ، هناك حتى المنقبة يتحرشون فيها / اللباس ليس مقياس ابدا
284,dress,التحرش بالنساء ظاهرة مركبة،اللباس جزء منها وليس وحده سببها،ففي هذا العصر زادت التعقيدات أمام الشباب لفتح بيوت بالحلال...يتبع.
285,dress,التحرش بسبب التهاون في اللباس الخالع امام الاب والاخوان المراهقين والتساهل في الكشف والتبرج ووالخ موجود حالات عنف ولكنها قليلة ولله الحمد في بلدنا واتحدى اذا كان العنف بدون سبب جارح واذا كان تقصدون بالعنف الضرب التأديبي فهذا مايسمى عنف للأسف البنات اليوم أصبحو يحلمون بالانفلات
286,dress,التحرش تصرف مشين ويجب الوقوف ضده بجدية بعقوبة الممارس والتشهير به و ضبط الفتيات من أهلهم ثانيا من ناحية اللباس #تحرش_شباب_بفتيات_بالشرقية
287,dress,التحرش سببه هو غطاءالوجه لان غطاءالوجه يحسس المتحرش ان المغطات تكون سهلة المنال وكاشفة الوجه ومحتشمة اللباس والله لن يقترب منهااحد بل مهيوبة
288,dress,التحرش على فتياتنا الاتزام اللباس المحتشم والتصرف الايق وعلى شبابنا الالتزام الاحترام والكف عن الاذى وعلى الجهات المسئوله ايضاح جزاء التحرش
289,men,التحرش فأوروبا، واخا العري وحرية اللباس ماكاينشي التحرش، العرب كيتحرشو حتا فالتعاليق، يعني تقدر تكون راجل داير... http://fb.me/8lxgrl9DF 
290,men,التحرش ليس مصطلحا محددا بدقة،و مسؤولية الاطراف و اسلوب العيش و اللباس و الثقافة و المستوى الاقتصادي و الاكراهات الاجتماعية و الاسرة و حتى الدولة متدخلة فيه و لها منه جزء من المسؤولية.مكانش لي كره اتزوج كون لقا رغم ذلك انا لا ابحث عن مبرر لاحد او لسلوك و لكن الظواهر حاليا متداخلة
291,men,التحرش ماخفي أعظم...المرأة تتحاشى الفضيحة الإجتماعية والتبليغ..وشكل اللباس المحتشم لا علاقته له بالتحرش
292,dress,التحرش مشكله كبيره و اسبابها عديده و المتحرشون من جميع الفئات و الأكيد ان اللباس المغري من الاسباب لكنه ليس السبب الوحيد هناك الاختلاط وغيره
293,men,التحرش يرتبط بالتربية ومستوى اخلاقيات المجتمع في كل دول العالم المتحضر الا بعالمنا العربي يربطه جهلة بني ليبرال بنوعية اللباس
294,dress,التربيه والاهتمام والدين والتعليم وحسن اللباس والمظهر والثقه وعدم تقليد الغرب بالموضه واللباس محد راح يتحرش #نطالب_بتجريم_التحرش_بالاطفال
295,dress,التساهل في بعض الأمور منها اللباس المحتشم للبنت والطفل الذي لم تغرس فيه مفاهيم التحرش وما هي ردة فعله تجاه أي فع
296,dress,التنظير دون إلمام بملابسات القصة ضرب من الجهل. ولكن لنعلم بأن التحرش سببه ضعف الوازع الديني وإخلال في اللباس والغض. #مضاربة_كورنيش_الدمام
297,dress,الجامعات في البحرين ليس بها لوائح تنظم عملية اللباس والتبرج ، تأتي البنت للجامعة متبرجة او لباسها غير محتشم يفصل جسدها ثم تشتكي من التحرش!
298,dress,الجرأه الزايده لدى بعض الفتيات في اللباس وفي الكلام والنظرات. .فيعوم ضعيف النفس بها #اسباب_التحرش_بالفتاة
299,men,الحرية إذا تعدت على الأداب العامة، ليست حرية. واللباس ليس سبباً رئيساً في قضايا التحرش. غض البصر قُدِّم على التبرّج. #حريه_اللباس_ليست_جريمه
300,men,الدراسات التي نُشرت حول التحرش الجنسي بالفتيات نفت وجود رابط بين اللباس ووقوع التحرش.
301,men,الدراسات التي نُشرت حول التحرش الجنسي بالفتيات نفت وجود رابط بين اللباس ووقوع التحرش.
302,men,الدراسات التي نُشرت حول التحرش الجنسي بالفتيات نفت وجود رابط بين اللباس ووقوع التحرش. في مصر مثلا،… http://instagram.com/p/kZiwH_lw1w/ 
303,men,الدرباوي والمطوع اتفقوا على الكثير.... تبرير التحرش بمن يختلف عنه فكريا في اللباس والتصرف مثلا ... الطيور على اشكالها تقع
304,dress,الدول اللي عندهم حرية لباس على قولتكم البنت لما تستخدم عندهم حرية لباس تدفع ضريبة وهي التحرش فيها و هي دول الاجنبيه #حريه_اللباس_ليست_جريمه
305,dress,السلام عليكم والله لن نحارب التحرش بالرسوم المتحركة بل باتباع تعاليم ديننا الحنيف و اللباس الفاتن من مسببات الفتن... http://fb.me/1qgvtLjOn 
306,dress,السؤال الاهم ياعبدالله هل نسب التحرش في النساء ذوي الحجاب الكامل واللباس المتستر يساوي نسب التحرش في ذوي اللباس المنفلت والغير محتشم ؟!
307,dress,العفة و اللباس المحتشم و عدم التبرج يمنع من التحرش و ليس الخاتم . نسال الله الايمان .كلام تافه
308,men,اللباس الخادش للحياء مرفوض  لكن تبرير التحرش والاغتصاب بعدم احتشام المرأة جريمة  لأنه يبرئ المجرم ويدين الضحية... http://fb.me/4xAXebbu3 
309,men,اللباس الخادش للحياء مرفوض ، لكن تبرير التحرش والإغتصاب بعدم إحتشام المرأة جريمة لا تقل عن الفعل . لأنه يبرئ... http://fb.me/4BwMEHG8M 
310,men,اللباس الخادش للحياء مرفوض لكن تبرير التحرش والاغتصاب بعدم احتشام المرأة جريمة لا تقل بشاعة عن ارتكاب الفعل ،لأنه يُبرئ المجرم ويُدين الضحية
311,men,اللباس الخادش للحياء مرفوض، لكن تبرير التحرش والاغتصاب بعدم احتشام المرأة جريمة لا تقل بشاعة عن ارتكاب الفعل،... http://fb.me/1ayGvDb7p 
312,men,اللباس الخادش للحياء مرفوض، لكن تبرير التحرش والاغتصاب بعدم احتشام المرأة جريمة لا تقل عن الفعل، لأنه يُبرئ المجرم ويُدين الضحية.
313,dress,اللباس الذي ترتديه الفتاة في الأماكن العامة شعار لها من أجل العفة أو البحث عن التحرش الجنسي فكل فتاة تحدد غايتها
314,dress,اللباس الشرعي هو جزء من الدين الاسلامي انكاره هو انكار للدين اما التحرش فمرتبط بالثقافه الاجتماعيه ياريت تقرى التحرش الموجود بالمجتمع الغربي ككل ودرجة التحرش.لتعرفي انو قياسك خطأ وتويتك لا تعني غير شي واحد محاولة هجوم ع الدين الاسلامي لهيك تويتك فاشله وليس لها معنى https://twitter.com/DimaSadek/status/998094851731226624 …
315,dress,اللباس الغير محتشم والمثير هو السبب في تحرش البنت يعجبها التحرش فهو دليل أنها مثيرة وجميلة
316,dress,اللباس الفاتن ، خروجها بمفردها ، تقليد القصص والافلام ، الاختلاط مع شعب لا. يعرف معنى الاحترام في الأونه الاخيره #اسباب_التحرش_بالفتاة
317,dress,اللباس الفاضح وكثرة الالتفات على المارة من الرجال #اسباب_التحرش_بالفتاة
318,men,اللباس اللي يظن بعد المعاتيه عندهم إنه سبب التحرش هو لباس بنات الليل أما اللي يقصده الشيخ هو لباسنا إحنا ما نطلع الا بعباية أصلا الفرق شاسع https://twitter.com/ebraikan/status/921106350293356544 …
319,dress,اللباس المثير للفتنة شكل من اشكال التحرش كلامك انت هو اللي يعتبر تحريض على تحرش النستء بالرجال
320,dress,اللباس المحتشم امام النساء و أمام المحارم يحمي الفتاة من خطر التحرش الجنسي بإذن الله. #أنا_في_خطر
321,dress,اللباس عندو علاقة وطيدة بالتحرش. بغيوها ولا كرهوها. كاين استثناءات كبيرة ولكن اللبس كيجبد التحرش...
322,men,اللباس لا يحمي من التحرش القوانين هي التي تحمي التحرش وليس حتى ملاحقةلباس الناس وتصرفاتهم قانون واضح يحدد عقوبه التحرش ومن غير المعقول اصلا ان تلبس النساء حتي لايتحرظ الرجال بها هذا جنون
323,men,اللباس ليس له دخل بالتحرش بالسعودية بالذات والا فماذا اقول عن تحرشهم باطفال أبرياء يخطفون ويقتلون ويغتصبون #اسباب_انتشار_حالات_التحرش
324,dress,اللباس مدعاة للبحث عن بداخله .. لذا يزداد التحرش .. !!!
325,dress,اللباس هو السبب الحقيقي اللتحرش(ولا يبدين زينتهن) بالإضافة الى غياب القيم والأخلاق الحميده عند فئة الشباب #التحرش_سببه_البنات_ولا_الشباب
326,dress,اللباس هو اللي يولد التحرش
327,men,اللباس والتصرفات مجرد شماعة مثل ما تفضلتي. الغرض من التحرش هو مو بس اشباع رغبة جنسية لكن بعد تكريس الهيمنة الذكورية
328,dress,اللباس يدفع للتحرش و عنصر اساسي من عناصر التحرش والاعتداء على الفتيات سوء تربية من الشباب غيرمعذورين وذلك لضعف الوازع الديني وتحكمهم بانفسهم
329,dress,اللباس؟؟؟وانعدام الحياااء!! #اسباب_التحرش_بالفتاة
330,men,الله زي ما امر البنت بالاحتشام باللبس امرك ب غض البصرما تحط اللباس حجة مشان تبرر حيونتك! #التحرش_سببه_البنات_ولا_الشباب لأ; التحرش سببه مرض
331,men,اللهم ان هدا منكر ... المرأة حرة في اللباس تلبس لي بغااات والرجل هو المسؤول الاول على هاد التحرش .. اش هااد دخول... http://fb.me/1kpWioqEV 
332,men,اللي اعرفه ان في الجزائر حرية اللباس والاختلاط موجود في المدارس .. لكن الي اسمعه ان التحرش في الجزائر اقل بكثير من السعوديه على الرغم من لبس العبايه !!
333,men,المتحرش ب الأطفال إعدااام مدعي ان البنات فتنوه ب اللباس والتعطر مع انوا مو علشان خشته خمس سنوات والف جلده مرتكب الفعل ب الأجبار والترصد ايضا اعدام وكلهم التشهير سواء رجل او إمراءه #ماعقوبه_التحرش_برايك
334,dress,المحامي عمار خبابة ''اللباس الفاضح للمرأة يدخل في باب الإغراء ويساهم في التحرش الجنسي .. والدكتورة نادية شويتم:... http://fb.me/2CTw2YSoN 
335,dress,المديرة حقتهم اللي معها الميكروفون ، تلبس لباس التحرش !! ورجاءً لا يجي شخص مثالي ويقول هل اللباس مبرر ؟؟ اللباس داعي وليس مبرر !!!!
336,men,المغرب.. عندما يكون اللباس مبررًا للتحرش الجنسي #المغرب #حريات #حقوق_المرأة #مجتمع #قوانين #التحرش_الجنسيhttps://cards.twitter.com/cards/18ce542y9ya/3wlqu …
337,men,الى كل واحد متخلف يسوي مثل ذي الحركات ترى اللباس ما يبرر التحرش يعني حتى لوكانت غير محتشمه ما لك حق تتحرش فيها يا متخلف #هوشة_مجمع_الراشد
338,dress,اليوم سمعت خبرا قادم من بلاد الهند ذلك ان احدى الولايات الهنديه اقرت لسكان الولايه بارتداء اللباس المحتشم للنساء وذلك حفاظا عليهنزمن التحرش
339,men,اليوم وأنا أمشي في شوارع مدينتي، رأيت امرأة تلبس اللباس الإسلاميّ، ويلحقها شابٌ يتحرّش بها لفظيّاً ، محاولاً التحرّش بها جسديّاً النسوية
340,dress,ان صح فهذا تصرف حيواني لا يمت للأبوه بصله وهذا اب مريض يحتاج الى علاج نسأل الله السلامه. ولكن هناك امر آخر لا بد ان ننتهبه وننكره على اي بنت تفعله وهوا من أسباب كثرة التحرش من المحارم وهوا اللباس.. للأسف بعض البنات يلبسن ملابس مثيره وتبرز مفاتنها وهذا حرام ولايوجز الا للزوج فقط.
341,dress,انا بأيدك انه اللباس الفاضح احد اسباب التحرش لكن المستورة وغير المستورة معرضة لتحرش. بعض الشباب يعتبروه نوع من الرجولة للاسف
342,men,انا ماحللت كشف الوجه ولاضيق اللباس ومو مقامي اني افتي بس مايكون مبرر للرجل بانه يبيح لنفسه التحرش بحجة سفور المراءه
343,dress,انا متافث معا لبنات ولكن بتحفض حينت اللباس ديال البنت هو 80% من أسباب التحرش كاينين حالات أخرى نعم لكن ملي يتلاقى التبرج مع الكبت مصيبة
344,men,انتم تركتم كل المصايب وانواع التحرش اللي كل يوم مطلعين هاشتاق عنه حتى والمره محتشمه وجايين تتكلمون عن حرية اللباس! #حريه_اللباس_ليست_جريمه
345,dress,انتهك حرمه الحرم..وحرمه اللباس الي لابسه شيئ مخجل انه شخص رايح يعتمر والمفروض كل جوارحه مع الله يكون هذا تفكيره #التحرش_داخل_الحرم_برجل_شيعي
346,men,انظروا للبعيد ولا تفسروا الموضوع غلط! اللباس العصري لا يجعل من المرأة شهوة للرجل، كما ان اللباس التقليدي لا يحمي المرأة من التحرش... انما المجتمع و عقليته هي السبب خلف هذه الإحصائيات. الذنب مش عالمرأة شو ما لبست ! الذنب على الرجل الشرقي الذي يريد ما يريده ويحصل عليه دون عقاب!
347,men,اول اشي، التحرش كل نساء الاردن بتعاني منها، وانت لما تعالج الاعراض انت بتحول مسؤوليتها للضحية عن طريق طرحك اللباس الساتر كحل
348,men,اولا: اللباس والمشية والريحة والمكياج مب لكم، لازم تقتنعون إنكم مب محور الكون. ثانيا: ما شفت فيديوهات المغازلجية الي يتعرضون للبنات المنقبات في المولات والأماكن العامة؟ ..التحرش الجنسي لا مبرر له. واعتقد من الأفضل تقول للشباب يغضون بصرهم ويتعلمون يحترمون اختيارات غيرهم في مظهرهم. https://twitter.com/alromaithi/status/971097235365728256 …
349,men,ايضاً لسنا اوصياء على الناس وسوف نحاسب وحدنا تشريع التحرش لاجل اللباس مؤسف للغايه
350,dress,ﺇﺫﺍ ﺍﺻﺒﺢ ﺍﻟﻠﺒﺎﺱ ﺍﻟﻀﻴﻖ ﺣﺮﻳﺔ ﺷﺨﺼﻴﺔ ﻓﺈﻥ ﺍﻟﺘﺤﺮﺵ ﻭﺍﺟﺐ ﻭﻃﻨﻲ والله صح ههههههههههه 7osaM
351,dress,إذا أصبَح اللباس الضيّق حريہ شخصيہ ... فَ التحرّش واجبٌ وطني ..!*
352,dress,إذا أصبح اللباس الضيق حرية شخصية .. فمن الطبيعي أن يصبح التحرش واجب وطني
353,dress,إذا أصبح اللباس الضيق حرية شخصية ... فإن التحرش يصبح واجب وطني
354,dress,إذا أصبح اللباس الضيق حرية شخصية فإنّ التحرش واجب وطني. الدكتور إيهاب الدالي
355,dress,إذا أصبح اللباس الضيق حرية شخصية فإن التحرش واجب وطني #وجه_نظر #ضد_الاباحيه #ضد_التحرش
356,dress,إذا أصبح اللباس الضيق حرية شخصية فإن التحرش يصبح واجبا وطنيا ....
357,men,إذا أصبح اللباس الضيق حريه شخصيه.. ف التحرش واجب وطني..
358,dress,إذا أصبح اللباس الضيق والمغري في الأماكن العامه حرية شخصية ... فإن التحرش يصبح واجب وطني ،،،
359,men,إذا كان التحرش بالبنات في الشارع بسبب اللباس لماذا يتحرشون بهن في مواقع التواصل
360,dress,إذا كان اللباس #الضيق حرية شخصية :3 فإن #التحرش الجنسي واجب وطني >_<
361,dress,إذا كان اللباس الضيق حرية شخصية ..!! . . . . فإن ..!! . . . . التحرش واجب وطني..!! ;)
362,dress,إذا كان اللباس الضيق حرية فردية للطفلة فمن واجبنا الوطني يا شباب التحرش عليها ____ #المادة 28 من قانون #TAKI _للأخلاق
363,dress,إذا كان اللباس القصير للمرأة يعتبر حرية شخصية . . . . . . . . . . . . . فإن التحرش يعتبر واجب وطني # #كاينة ولا مكايناش
364,dress,إذا كان اللباس غير المحتشم هو السبب في التحرش الجنسي  فلماذا تتعرض المحجبات والمنقبات إلى التحرش؟ لماذا فازت... http://fb.me/4kjWR4Gdi 
365,dress,إفتحت ثلاث حالات نقاشًا قديما-جديدًا حول التحرّش الجنسي بالمملكة بعدما مست فتيات اخترن نوعًا معيّنا من اللباس؛... http://fb.me/3pgrHo2nB 
366,men,إن أمة تعتبر التحرش ببائعة الهوى جريمة يعاقب عليها القانون هي أشرف بملايين المرات من أمة تبرر التحرش بلباس المرأة مهما كان هذا اللباس.
367,dress,أتمنى ألايكون المقصد من التغريدة تبرئة أصحاب اللبس الفاضح من التحرش، نعم الطرف المتحرش مجرم تجب معاقبته ولكن ارتداء اللباس الفاضح أيضا جريمة
368,dress,أختي البنت السعوديه:- ​إذا أصبح اللباس الضيق حرية شخصية ..  فــ التحرش واجب وطـنـي على الشاب السعودي
369,dress,أخطر ما في قانون التحرش الجنسي أنه يترافق مع حرية تعري المرأة في اللباس ، نحن بحاجة إلى قانون مصاحب يجرم التبرج و نزع الملابس بالتدريج
370,men,أذا كان اللباس الضيق حرية شخصية. فإن التحرش واجب وطني
371,dress,أذا كان أللباس الضيق حرية شخصية فَ التحرش واجب وطني #تحرش_بفتاتين_بجده
372,dress,أسباب التحرش بالمحارم عشرة أسباب وراء ذلك منها اللباس العاري ومنها الثقة العمياء ومنها.... pic.twitter.com/nVuOKEL9YT
373,men,أشباه وأنصاف الرجال عديمي النخوة والمروءة الذين يبررون التحرش بحجة طريقة اللباس عندما تسافرون يشاهد احدكم شبه متعرية ولايجروء ان يقترب منها
374,men,أصبح التحذير من اللباس المنافي للاحتشام والتوجيه باجتناب سلوكيات وأماكن يكثر بسببها التحرش = فرصة لاتهام الناصحين بالتبرير للتحرش. هذا واحد من اثنين: - جاهل بالشرع والطبيعة البشرية. وهو مستبعد. - صاحب شهوة وجد عبارة إنسانية راقية يلوكها كالببغاء للإبقاء على كل وضع منحط يراه.
375,dress,أصبحت لغة الإغراء في اللباس والشكل هي اللغة الأم طالما القانون هناك يحمينا من التحرش سبحان الله يحترمون قوانين البلاد ولايخافوون رب العباد!
376,dress,أصلا المضهر الذي تضهر بة المذيعات اللباس العاري هو التحرش بذاتة
377,dress,أنا مش مستغرب من ان الناس بقت تاخد موقف من التحرش ومن المتحرشين ، انا مستغرب ان اللباس السبعه لسه موجود وبيتلبس
378,dress,أين التعارض في وجود قانون ينطلق من قيمنا، مع تربية أطفالنا على الاحتشام في اللباس و السلوكيات...!!! #قانون__ضد_التحرش_والأعتداء_الجنسي
379,men,باش تفهمي الحمار تاع بوك، بلي ماجاتش من اللباس، و لكن من التربية... نتي لي حيحتي على قانون التحرش الجنسي و قلتي... http://fb.me/3z5bQg7ZJ 
380,men,بالسعودية لبس العباية اجباري حتى على غير السعوديات وغير المسلمات .. وبعدها يجيك احدهم يتحدث عن ان اللباس والتبرج سبب التحرش .. اللي هو مش صحيح اساسًا ..مش موجود عندنا .. ومايبون نقول عنهم متحرشين متسترين .. يبررون لانفسهم (:
381,dress,بالنسبة لمن يتحدّث أن اللباس لا علاقة له بالتحرش : في عهد الصحابة وهم صحابة أمر ﷲ النساء بالحجاب وأمر الصحابة بغض البصر والأمر بالمعروف والنهي عن المنكر وفصل الرجال عن النساء! #ماعقوبه_التحرش_برايك
382,dress,بالنسبة لمن يتحدّث أن اللباس لا علاقة له بالتحرش : في عهد الصحابة وهم صحابة أمر ﷲ النساء بالحجاب وأمر الصحابة بغض البصر والأمر بالمعروف والنهي عن المنكر وفصل الرجال عن النساء! #ماعقوبه_التحرش_برايك
383,dress,بالنسبة لموضوع التحرش من وجهة نظري انه لبس اللباس الغلط في المكان الغلط
384,dress,ببرنامج اسأل العرب عالmbc سألوا شو سبب انتشار ظاهرة التحرش الجنسي وكان جواب العرب اللباس غير المحتشم طيب هيك مجتمعات شو ممكن تنطر منها؟
385,dress,برلمانيون يقترحون تجريم « اللباس المستفز » للنساء ويبررون التحرش http://asrarona.com/181250  pic.twitter.com/WMcvrFvygY
386,men,بس هم حملتهم مكتوبة من ناحية الرجل كن رجلًا يعني المفروض ان هم يتانولون الشي من جانب غض النظر لان هذا اللي المفروض يسويه الرجل  يعني لو كتبوا كوني امرأة وتحجوا عن اللباس بقول اوكيه بس يعني الحين واجب الرجل انه يتحكم في المرأة عشان يلغي التحرش؟! اكيد لا واجبه ان يغض بصره
387,dress,بعد ابتعاد الهيئه عن الميدان كثر التحرش بالنساء وازداد عدد الشباب بالمواقع النسائيه وبعض النساء تتعمد اللباس الفاتن #عوده_صلاحيات_الهييه
388,men,بعد جريمة الاغتصاب التي وقعت شهدت ساحة ماريشال بالمغرب مظاهرة نسوية رافضة الفكرالذي يعطي الضوء الاخضر للمتحرش التحرش بس اللباس pic.twitter.com/anxnjxXNiC
389,men,بعض الردود هنا فيها كمية جههههل فضضضضيع على اي اساس تحكمون عليهم بانهم دوله تدعي للتحرش !! هم فقط عندهم (حُريه مطلقه في اللباس وغيره) لكن التحرش عندهم عليه قوانين ماتمزح ويطبقونها وفعلا تشخلع البنات باللباس مو مبرر للحمير بانهم يتحرشون فيهم ..
390,men,بعيدا عن اللباس والحشمة ،التحرش جريمة في حق اي كان ،ويجب عقاب المتحرش ،ولو كان مشكلته لبس كان تحرش ببنات السعودية..! https://twitter.com/gg_112233/status/673561693197332481 …
391,dress,بما انك بتحكي من منطلق ديني ...التحرش إثم مثل عدم لبس اللباس الشرعي...والاختلاف انه اللي مش لابسه اللباس الشرعي عاصيه لربها اما المتحرش فهو عاصي لربه ومؤذي للمجتمع...فلذلك لازم يتعاقب اشد العقاب...الدين حرية ما تفرضي الشرع على الناس حتى لو كانوا من ورثة الاسلام وربنا اللي بحاسب
392,men,بهالشكل ماراح توصلون لفكره مفيده مختصر كلام د محمد انه التحرش موجود سواء كان اللباس محتشم او لا وهالشي صحيح مستحيل احد ينكره
393,dress,بهدف الحدّ من التحرش الجنسي.. جزائريون يدشنون حملة على فيسبوك لحث الرجال على منع خروج النساء بـاللباس الفاضح... http://fb.me/4gxDAA6UW 
394,dress,تُطالب بعدم سن قوانين في ما يُلبس .. و حينما يتم التحرش بها تُنادي بقوانين ضد التحرش !!! قوانين اللبس أول يا الفحل #حريه_اللباس_ليست_جريمه
395,men,تبرج اللباس ليس دليلاً على الفساد .. لأن ثقافة اللباس تختلف من مكان لآخر .. الستر واجب .. والإحتشام فضيلة .. #التحرش_سببه_البنات_ولا_الشباب
396,men,تبرير التحرش الجنسي حسب اللباس، يعني أن تدينك الذي أفزعتنا به يحثك للتحرش ولا يحثك للاحترام.
397,men,تبرير التحرش الجنسي حسب اللباس، يعني أن تدينك الذي أفزعتنا به يحثك للتحرش ولا يحثك للاحترام. Hussain
398,men,تبرير التحرش بسبب اللباس جريمة. https://twitter.com/Q8i_Outsider/status/850646571767271424/video/1 …
399,men,تبرير التحرش والاعتداء الجسدي واللفظي حسب لبس الفتاة ليس سوى اعتراف بأن فكرك وإرثك وأخلاقك تدفعك للوقاحة حسب اللباس.
400,men,تبرير التحرش والاعتداء الجسدي واللفظي حسب لبس الفتاة ليس سوى اعتراف بأن فكرك وإرثك وأخلاقك تدفعك للوقاحة حسب اللباس.